code,libelle,is_sole_shareholder,basis
0,Organisme de placement collectif en valeurs mobilières sans personnalité morale,,"Not classified - insufficient legal certainty, left unmapped rather than guessed"
1000,Entrepreneur individuel,,EI (entrepreneur individuel) - not a société with shareholders
2110,Indivision entre personnes physiques,,"Not classified - insufficient legal certainty, left unmapped rather than guessed"
2120,Indivision avec personne morale,,"Not classified - insufficient legal certainty, left unmapped rather than guessed"
2210,Société créée de fait entre personnes physiques,,"Not classified - insufficient legal certainty, left unmapped rather than guessed"
2220,Société créée de fait avec personne morale,,"Not classified - insufficient legal certainty, left unmapped rather than guessed"
2310,Société en participation entre personnes physiques,,"Not classified - insufficient legal certainty, left unmapped rather than guessed"
2320,Société en participation avec personne morale,,"Not classified - insufficient legal certainty, left unmapped rather than guessed"
2385,Société en participation de professions libérales,,"Not classified - insufficient legal certainty, left unmapped rather than guessed"
2400,Fiducie,,"Not classified - insufficient legal certainty, left unmapped rather than guessed"
2700,Paroisse hors zone concordataire,,"Not classified - insufficient legal certainty, left unmapped rather than guessed"
2800,Assujetti unique à la TVA,,"Not classified - insufficient legal certainty, left unmapped rather than guessed"
2900,Autre groupement de droit privé non doté de la personnalité morale,,"Not classified - insufficient legal certainty, left unmapped rather than guessed"
3110,Représentation ou agence commerciale d'état ou organisme public étranger immatriculé au RCS,,"Foreign entity - different legal system, French shareholder-count rules don't apply"
3120,Société commerciale étrangère immatriculée au RCS,,"Foreign entity - different legal system, French shareholder-count rules don't apply"
3205,Organisation internationale,,"Foreign entity - different legal system, French shareholder-count rules don't apply"
3210,"État, collectivité ou établissement public étranger",,"Foreign entity - different legal system, French shareholder-count rules don't apply"
3220,Société étrangère non immatriculée au RCS,,"Foreign entity - different legal system, French shareholder-count rules don't apply"
3290,Autre personne morale de droit étranger,,"Foreign entity - different legal system, French shareholder-count rules don't apply"
4110,Établissement public national à caractère industriel ou commercial doté d'un comptable public,,Public establishment - not a shareholder-based société
4120,Établissement public national à caractère industriel ou commercial non doté d'un comptable public,,Public establishment - not a shareholder-based société
4130,Exploitant public,,Public establishment - not a shareholder-based société
4140,Établissement public local à caractère industriel ou commercial,,Public establishment - not a shareholder-based société
4150,Régie d'une collectivité locale à caractère industriel ou commercial,,Public establishment - not a shareholder-based société
4160,Institution Banque de France,,Public establishment - not a shareholder-based société
5191,Société de caution mutuelle,,"Not classified - insufficient legal certainty, left unmapped rather than guessed"
5192,Société coopérative de banque populaire,,"Not classified - insufficient legal certainty, left unmapped rather than guessed"
5193,Caisse de crédit maritime mutuel,,"Not classified - insufficient legal certainty, left unmapped rather than guessed"
5194,Caisse (fédérale) de crédit mutuel,,"Not classified - insufficient legal certainty, left unmapped rather than guessed"
5195,Association coopérative inscrite (droit local Alsace Moselle),,"Not classified - insufficient legal certainty, left unmapped rather than guessed"
5196,Caisse d'épargne et de prévoyance à forme coopérative,,"Not classified - insufficient legal certainty, left unmapped rather than guessed"
5202,Société en nom collectif,False,SNC - no unipersonal SNC form exists under French law
5203,Société en nom collectif coopérative,False,SNC - no unipersonal SNC form exists under French law
5306,Société en commandite simple,False,Société en commandite - requires commandité + commanditaire (2+ distinct people)
5307,Société en commandite simple coopérative,False,Société en commandite - requires commandité + commanditaire (2+ distinct people)
5308,Société en commandite par actions,False,Société en commandite - requires commandité + commanditaire (2+ distinct people)
5309,Société en commandite par actions coopérative,False,Société en commandite - requires commandité + commanditaire (2+ distinct people)
5310,Société en libre partenariat (SLP),False,Société en commandite - requires commandité + commanditaire (2+ distinct people)
5370,Société de Participations Financières de Profession Libérale Société en commandite par actions (SPFPL SCA),,"Not classified - insufficient legal certainty, left unmapped rather than guessed"
5385,Société d'exercice libéral en commandite par actions,,"Not classified - insufficient legal certainty, left unmapped rather than guessed"
5410,SARL nationale,,"Not classified - insufficient legal certainty, left unmapped rather than guessed"
5415,SARL d'économie mixte,,"Not classified - insufficient legal certainty, left unmapped rather than guessed"
5422,SARL immobilière pour le commerce et l'industrie (SICOMI),,"Not classified - insufficient legal certainty, left unmapped rather than guessed"
5426,SARL immobilière de gestion,,"Not classified - insufficient legal certainty, left unmapped rather than guessed"
5430,SARL d'aménagement foncier et d'équipement rural (SAFER),,"Not classified - insufficient legal certainty, left unmapped rather than guessed"
5431,SARL mixte d'intérêt agricole (SMIA),,"Not classified - insufficient legal certainty, left unmapped rather than guessed"
5432,SARL d'intérêt collectif agricole (SICA),,"Not classified - insufficient legal certainty, left unmapped rather than guessed"
5442,SARL d'attribution,,"Not classified - insufficient legal certainty, left unmapped rather than guessed"
5443,SARL coopérative de construction,,"Not classified - insufficient legal certainty, left unmapped rather than guessed"
5451,SARL coopérative de consommation,,"Not classified - insufficient legal certainty, left unmapped rather than guessed"
5453,SARL coopérative artisanale,,"Not classified - insufficient legal certainty, left unmapped rather than guessed"
5454,SARL coopérative d'intérêt maritime,,"Not classified - insufficient legal certainty, left unmapped rather than guessed"
5455,SARL coopérative de transport,,"Not classified - insufficient legal certainty, left unmapped rather than guessed"
5458,SARL coopérative de production (SCOP),,"Not classified - insufficient legal certainty, left unmapped rather than guessed"
5459,SARL union de sociétés coopératives,,"Not classified - insufficient legal certainty, left unmapped rather than guessed"
5460,Autre SARL coopérative,,"Not classified - insufficient legal certainty, left unmapped rather than guessed"
5470,Société de Participations Financières de Profession Libérale Société à responsabilité limitée (SPFPL SARL),,"Not classified - insufficient legal certainty, left unmapped rather than guessed"
5485,Société d'exercice libéral à responsabilité limitée,,"Not classified - insufficient legal certainty, left unmapped rather than guessed"
5499,Société à responsabilité limitée (sans autre indication),,SARL générique - no distinct EURL code in this nomenclature; ambiguous
5505,SA à participation ouvrière à conseil d'administration,False,"SA (any sub-form) - French SA law has no unipersonal-SA form, requires 2+ shareholders"
5510,SA nationale à conseil d'administration,False,"SA (any sub-form) - French SA law has no unipersonal-SA form, requires 2+ shareholders"
5515,SA d'économie mixte à conseil d'administration,False,"SA (any sub-form) - French SA law has no unipersonal-SA form, requires 2+ shareholders"
5520,Fonds à forme sociétale à conseil d'administration,False,"SA (any sub-form) - French SA law has no unipersonal-SA form, requires 2+ shareholders"
5522,SA immobilière pour le commerce et l'industrie (SICOMI) à conseil d'administration,False,"SA (any sub-form) - French SA law has no unipersonal-SA form, requires 2+ shareholders"
5525,SA immobilière d'investissement à conseil d'administration,False,"SA (any sub-form) - French SA law has no unipersonal-SA form, requires 2+ shareholders"
5530,SA d'aménagement foncier et d'équipement rural (SAFER) à conseil d'administration,False,"SA (any sub-form) - French SA law has no unipersonal-SA form, requires 2+ shareholders"
5531,Société anonyme mixte d'intérêt agricole (SMIA) à conseil d'administration,False,"SA (any sub-form) - French SA law has no unipersonal-SA form, requires 2+ shareholders"
5532,SA d'intérêt collectif agricole (SICA) à conseil d'administration,False,"SA (any sub-form) - French SA law has no unipersonal-SA form, requires 2+ shareholders"
5542,SA d'attribution à conseil d'administration,False,"SA (any sub-form) - French SA law has no unipersonal-SA form, requires 2+ shareholders"
5543,SA coopérative de construction à conseil d'administration,False,"SA (any sub-form) - French SA law has no unipersonal-SA form, requires 2+ shareholders"
5546,SA de HLM à conseil d'administration,False,"SA (any sub-form) - French SA law has no unipersonal-SA form, requires 2+ shareholders"
5547,SA coopérative de production de HLM à conseil d'administration,False,"SA (any sub-form) - French SA law has no unipersonal-SA form, requires 2+ shareholders"
5548,SA de crédit immobilier à conseil d'administration,False,"SA (any sub-form) - French SA law has no unipersonal-SA form, requires 2+ shareholders"
5551,SA coopérative de consommation à conseil d'administration,False,"SA (any sub-form) - French SA law has no unipersonal-SA form, requires 2+ shareholders"
5552,SA coopérative de commerçants-détaillants à conseil d'administration,False,"SA (any sub-form) - French SA law has no unipersonal-SA form, requires 2+ shareholders"
5553,SA coopérative artisanale à conseil d'administration,False,"SA (any sub-form) - French SA law has no unipersonal-SA form, requires 2+ shareholders"
5554,SA coopérative (d'intérêt) maritime à conseil d'administration,False,"SA (any sub-form) - French SA law has no unipersonal-SA form, requires 2+ shareholders"
5555,SA coopérative de transport à conseil d'administration,False,"SA (any sub-form) - French SA law has no unipersonal-SA form, requires 2+ shareholders"
5558,SA coopérative de production  (SCOP) à conseil d'administration,False,"SA (any sub-form) - French SA law has no unipersonal-SA form, requires 2+ shareholders"
5559,SA union de sociétés coopératives à conseil d'administration,False,"SA (any sub-form) - French SA law has no unipersonal-SA form, requires 2+ shareholders"
5560,Autre SA coopérative à conseil d'administration,False,"SA (any sub-form) - French SA law has no unipersonal-SA form, requires 2+ shareholders"
5570,Société de Participations Financières de Profession Libérale Société anonyme à conseil d'administration (SPFPL SA à conseil d'administration),False,"SA (any sub-form) - French SA law has no unipersonal-SA form, requires 2+ shareholders"
5585,Société d'exercice libéral à forme anonyme à conseil d'administration,False,"SA (any sub-form) - French SA law has no unipersonal-SA form, requires 2+ shareholders"
5599,SA à conseil d'administration (s.a.i.),False,"SA (any sub-form) - French SA law has no unipersonal-SA form, requires 2+ shareholders"
5605,SA à participation ouvrière à directoire,False,"SA (any sub-form) - French SA law has no unipersonal-SA form, requires 2+ shareholders"
5610,SA nationale à directoire,False,"SA (any sub-form) - French SA law has no unipersonal-SA form, requires 2+ shareholders"
5615,SA d'économie mixte à directoire,False,"SA (any sub-form) - French SA law has no unipersonal-SA form, requires 2+ shareholders"
5620,Fonds à forme sociétale à directoire,False,"SA (any sub-form) - French SA law has no unipersonal-SA form, requires 2+ shareholders"
5622,SA immobilière pour le commerce et l'industrie (SICOMI) à directoire,False,"SA (any sub-form) - French SA law has no unipersonal-SA form, requires 2+ shareholders"
5625,SA immobilière d'investissement à directoire,False,"SA (any sub-form) - French SA law has no unipersonal-SA form, requires 2+ shareholders"
5630,Safer anonyme à directoire,False,"SA (any sub-form) - French SA law has no unipersonal-SA form, requires 2+ shareholders"
5631,SA mixte d'intérêt agricole (SMIA),False,"SA (any sub-form) - French SA law has no unipersonal-SA form, requires 2+ shareholders"
5632,SA d'intérêt collectif agricole (SICA),False,"SA (any sub-form) - French SA law has no unipersonal-SA form, requires 2+ shareholders"
5642,SA d'attribution à directoire,False,"SA (any sub-form) - French SA law has no unipersonal-SA form, requires 2+ shareholders"
5643,SA coopérative de construction à directoire,False,"SA (any sub-form) - French SA law has no unipersonal-SA form, requires 2+ shareholders"
5646,SA de HLM à directoire,False,"SA (any sub-form) - French SA law has no unipersonal-SA form, requires 2+ shareholders"
5647,Société coopérative de production de HLM anonyme à directoire,False,"SA (any sub-form) - French SA law has no unipersonal-SA form, requires 2+ shareholders"
5648,SA de crédit immobilier à directoire,False,"SA (any sub-form) - French SA law has no unipersonal-SA form, requires 2+ shareholders"
5651,SA coopérative de consommation à directoire,False,"SA (any sub-form) - French SA law has no unipersonal-SA form, requires 2+ shareholders"
5652,SA coopérative de commerçants-détaillants à directoire,False,"SA (any sub-form) - French SA law has no unipersonal-SA form, requires 2+ shareholders"
5653,SA coopérative artisanale à directoire,False,"SA (any sub-form) - French SA law has no unipersonal-SA form, requires 2+ shareholders"
5654,SA coopérative d'intérêt maritime à directoire,False,"SA (any sub-form) - French SA law has no unipersonal-SA form, requires 2+ shareholders"
5655,SA coopérative de transport à directoire,False,"SA (any sub-form) - French SA law has no unipersonal-SA form, requires 2+ shareholders"
5658,SA coopérative de production (SCOP) à directoire,False,"SA (any sub-form) - French SA law has no unipersonal-SA form, requires 2+ shareholders"
5659,SA union de sociétés coopératives à directoire,False,"SA (any sub-form) - French SA law has no unipersonal-SA form, requires 2+ shareholders"
5660,Autre SA coopérative à directoire,False,"SA (any sub-form) - French SA law has no unipersonal-SA form, requires 2+ shareholders"
5670,Société de Participations Financières de Profession Libérale Société anonyme à Directoire (SPFPL SA à directoire),False,"SA (any sub-form) - French SA law has no unipersonal-SA form, requires 2+ shareholders"
5685,Société d'exercice libéral à forme anonyme à directoire,False,"SA (any sub-form) - French SA law has no unipersonal-SA form, requires 2+ shareholders"
5699,SA à directoire (s.a.i.),False,"SA (any sub-form) - French SA law has no unipersonal-SA form, requires 2+ shareholders"
5710,"SAS, société par actions simplifiée",,SAS - SASU code (5720) merged into this in July 2020; ambiguous
5770,Société de Participations Financières de Profession Libérale Société par actions simplifiée (SPFPL SAS),,"Not classified - insufficient legal certainty, left unmapped rather than guessed"
5785,Société d'exercice libéral par action simplifiée,,"Not classified - insufficient legal certainty, left unmapped rather than guessed"
5800,Société européenne,,"Not classified - insufficient legal certainty, left unmapped rather than guessed"
6100,Caisse d'Épargne et de Prévoyance,,Public establishment - not a shareholder-based société
6210,Groupement européen d'intérêt économique (GEIE),False,GIE/GEIE - founding law requires 2+ members
6220,Groupement d'intérêt économique (GIE),False,GIE/GEIE - founding law requires 2+ members
6316,Coopérative d'utilisation de matériel agricole en commun (CUMA),False,Agricultural cooperative - cooperative statutes require multiple members
6317,Société coopérative agricole,False,Agricultural cooperative - cooperative statutes require multiple members
6318,Union de sociétés coopératives agricoles,False,Agricultural cooperative - cooperative statutes require multiple members
6411,Société d'assurance à forme mutuelle,,"Not classified - insufficient legal certainty, left unmapped rather than guessed"
6511,Sociétés Interprofessionnelles de Soins Ambulatoires,False,"Société civile (any sub-form, incl. SCI/SCP/SCM) - Code civil art. 1832 requires 2+ associates"
6521,Société civile de placement collectif immobilier (SCPI),False,"Société civile (any sub-form, incl. SCI/SCP/SCM) - Code civil art. 1832 requires 2+ associates"
6532,Société civile d'intérêt collectif agricole (SICA),False,"Société civile (any sub-form, incl. SCI/SCP/SCM) - Code civil art. 1832 requires 2+ associates"
6533,Groupement agricole d'exploitation en commun (GAEC),False,"Société civile (any sub-form, incl. SCI/SCP/SCM) - Code civil art. 1832 requires 2+ associates"
6534,Groupement foncier agricole,False,"Société civile (any sub-form, incl. SCI/SCP/SCM) - Code civil art. 1832 requires 2+ associates"
6535,Groupement agricole foncier,False,"Société civile (any sub-form, incl. SCI/SCP/SCM) - Code civil art. 1832 requires 2+ associates"
6536,Groupement forestier,False,"Société civile (any sub-form, incl. SCI/SCP/SCM) - Code civil art. 1832 requires 2+ associates"
6537,Groupement pastoral,False,"Société civile (any sub-form, incl. SCI/SCP/SCM) - Code civil art. 1832 requires 2+ associates"
6538,Groupement foncier et rural,False,"Société civile (any sub-form, incl. SCI/SCP/SCM) - Code civil art. 1832 requires 2+ associates"
6539,Société civile foncière,False,"Société civile (any sub-form, incl. SCI/SCP/SCM) - Code civil art. 1832 requires 2+ associates"
6540,Société civile immobilière,False,"Société civile (any sub-form, incl. SCI/SCP/SCM) - Code civil art. 1832 requires 2+ associates"
6541,Société civile immobilière de construction-vente,False,"Société civile (any sub-form, incl. SCI/SCP/SCM) - Code civil art. 1832 requires 2+ associates"
6542,Société civile d'attribution,False,"Société civile (any sub-form, incl. SCI/SCP/SCM) - Code civil art. 1832 requires 2+ associates"
6543,Société civile coopérative de construction,False,"Société civile (any sub-form, incl. SCI/SCP/SCM) - Code civil art. 1832 requires 2+ associates"
6544,Société civile immobilière d' accession progressive à la propriété,False,"Société civile (any sub-form, incl. SCI/SCP/SCM) - Code civil art. 1832 requires 2+ associates"
6551,Société civile coopérative de consommation,False,"Société civile (any sub-form, incl. SCI/SCP/SCM) - Code civil art. 1832 requires 2+ associates"
6554,Société civile coopérative d'intérêt maritime,False,"Société civile (any sub-form, incl. SCI/SCP/SCM) - Code civil art. 1832 requires 2+ associates"
6558,Société civile coopérative entre médecins,False,"Société civile (any sub-form, incl. SCI/SCP/SCM) - Code civil art. 1832 requires 2+ associates"
6560,Autre société civile coopérative,False,"Société civile (any sub-form, incl. SCI/SCP/SCM) - Code civil art. 1832 requires 2+ associates"
6561,SCP d'avocats,False,"Société civile (any sub-form, incl. SCI/SCP/SCM) - Code civil art. 1832 requires 2+ associates"
6562,SCP d'avocats aux conseils,False,"Société civile (any sub-form, incl. SCI/SCP/SCM) - Code civil art. 1832 requires 2+ associates"
6563,SCP d'avoués d'appel,False,"Société civile (any sub-form, incl. SCI/SCP/SCM) - Code civil art. 1832 requires 2+ associates"
6564,SCP d'huissiers,False,"Société civile (any sub-form, incl. SCI/SCP/SCM) - Code civil art. 1832 requires 2+ associates"
6565,SCP de notaires,False,"Société civile (any sub-form, incl. SCI/SCP/SCM) - Code civil art. 1832 requires 2+ associates"
6566,SCP de commissaires-priseurs,False,"Société civile (any sub-form, incl. SCI/SCP/SCM) - Code civil art. 1832 requires 2+ associates"
6567,SCP de greffiers de tribunal de commerce,False,"Société civile (any sub-form, incl. SCI/SCP/SCM) - Code civil art. 1832 requires 2+ associates"
6568,SCP de conseils juridiques,False,"Société civile (any sub-form, incl. SCI/SCP/SCM) - Code civil art. 1832 requires 2+ associates"
6569,SCP de commissaires aux comptes,False,"Société civile (any sub-form, incl. SCI/SCP/SCM) - Code civil art. 1832 requires 2+ associates"
6571,SCP de médecins,False,"Société civile (any sub-form, incl. SCI/SCP/SCM) - Code civil art. 1832 requires 2+ associates"
6572,SCP de dentistes,False,"Société civile (any sub-form, incl. SCI/SCP/SCM) - Code civil art. 1832 requires 2+ associates"
6573,SCP d'infirmiers,False,"Société civile (any sub-form, incl. SCI/SCP/SCM) - Code civil art. 1832 requires 2+ associates"
6574,SCP de masseurs-kinésithérapeutes,False,"Société civile (any sub-form, incl. SCI/SCP/SCM) - Code civil art. 1832 requires 2+ associates"
6575,SCP de directeurs de laboratoire d'analyse médicale,False,"Société civile (any sub-form, incl. SCI/SCP/SCM) - Code civil art. 1832 requires 2+ associates"
6576,SCP de vétérinaires,False,"Société civile (any sub-form, incl. SCI/SCP/SCM) - Code civil art. 1832 requires 2+ associates"
6577,SCP de géomètres experts,False,"Société civile (any sub-form, incl. SCI/SCP/SCM) - Code civil art. 1832 requires 2+ associates"
6578,SCP d'architectes,False,"Société civile (any sub-form, incl. SCI/SCP/SCM) - Code civil art. 1832 requires 2+ associates"
6585,Autre société civile professionnelle,False,"Société civile (any sub-form, incl. SCI/SCP/SCM) - Code civil art. 1832 requires 2+ associates"
6589,Société civile de moyens,False,"Société civile (any sub-form, incl. SCI/SCP/SCM) - Code civil art. 1832 requires 2+ associates"
6595,Caisse locale de crédit mutuel,False,"Société civile (any sub-form, incl. SCI/SCP/SCM) - Code civil art. 1832 requires 2+ associates"
6596,Caisse de crédit agricole mutuel,False,"Société civile (any sub-form, incl. SCI/SCP/SCM) - Code civil art. 1832 requires 2+ associates"
6597,Société civile d'exploitation agricole,False,"Société civile (any sub-form, incl. SCI/SCP/SCM) - Code civil art. 1832 requires 2+ associates"
6598,Exploitation agricole à responsabilité limitée,False,"Société civile (any sub-form, incl. SCI/SCP/SCM) - Code civil art. 1832 requires 2+ associates"
6599,Autre société civile,False,"Société civile (any sub-form, incl. SCI/SCP/SCM) - Code civil art. 1832 requires 2+ associates"
6901,Autre personne de droit privé inscrite au registre du commerce et des sociétés,,"Not classified - insufficient legal certainty, left unmapped rather than guessed"
7111,Autorité constitutionnelle,,Public/administrative/social-security body - not a shareholder-based société
7112,Autorité administrative ou publique indépendante,,Public/administrative/social-security body - not a shareholder-based société
7113,Ministère,,Public/administrative/social-security body - not a shareholder-based société
7120,Service central d'un ministère,,Public/administrative/social-security body - not a shareholder-based société
7150,Service du ministère de la Défense,,Public/administrative/social-security body - not a shareholder-based société
7160,Service déconcentré à compétence nationale d'un ministère (hors Défense),,Public/administrative/social-security body - not a shareholder-based société
7171,Service déconcentré de l'État à compétence (inter) régionale,,Public/administrative/social-security body - not a shareholder-based société
7172,Service déconcentré de l'État à compétence (inter) départementale,,Public/administrative/social-security body - not a shareholder-based société
7179,(Autre) Service déconcentré de l'État à compétence territoriale,,Public/administrative/social-security body - not a shareholder-based société
7190,Ecole nationale non dotée de la personnalité morale,,Public/administrative/social-security body - not a shareholder-based société
7210,Commune et commune nouvelle,,Public/administrative/social-security body - not a shareholder-based société
7220,Département,,Public/administrative/social-security body - not a shareholder-based société
7225,Collectivité et territoire d'Outre Mer,,Public/administrative/social-security body - not a shareholder-based société
7229,(Autre) Collectivité territoriale,,Public/administrative/social-security body - not a shareholder-based société
7230,Région,,Public/administrative/social-security body - not a shareholder-based société
7312,Commune associée et commune déléguée,,Public/administrative/social-security body - not a shareholder-based société
7313,Section de commune,,Public/administrative/social-security body - not a shareholder-based société
7314,Ensemble urbain,,Public/administrative/social-security body - not a shareholder-based société
7321,Association syndicale autorisée,,Public/administrative/social-security body - not a shareholder-based société
7322,Association foncière urbaine,,Public/administrative/social-security body - not a shareholder-based société
7323,Association foncière de remembrement,,Public/administrative/social-security body - not a shareholder-based société
7331,Établissement public local d'enseignement,,Public/administrative/social-security body - not a shareholder-based société
7340,Pôle métropolitain,,Public/administrative/social-security body - not a shareholder-based société
7341,Secteur de commune,,Public/administrative/social-security body - not a shareholder-based société
7342,District urbain,,Public/administrative/social-security body - not a shareholder-based société
7343,Communauté urbaine,,Public/administrative/social-security body - not a shareholder-based société
7344,Métropole,,Public/administrative/social-security body - not a shareholder-based société
7345,Syndicat intercommunal à vocation multiple (SIVOM),,Public/administrative/social-security body - not a shareholder-based société
7346,Communauté de communes,,Public/administrative/social-security body - not a shareholder-based société
7347,Communauté de villes,,Public/administrative/social-security body - not a shareholder-based société
7348,Communauté d'agglomération,,Public/administrative/social-security body - not a shareholder-based société
7349,Autre établissement public local de coopération non spécialisé ou entente,,Public/administrative/social-security body - not a shareholder-based société
7351,Institution interdépartementale ou entente,,Public/administrative/social-security body - not a shareholder-based société
7352,Institution interrégionale ou entente,,Public/administrative/social-security body - not a shareholder-based société
7353,Syndicat intercommunal à vocation unique (SIVU),,Public/administrative/social-security body - not a shareholder-based société
7354,Syndicat mixte fermé,,Public/administrative/social-security body - not a shareholder-based société
7355,Syndicat mixte ouvert,,Public/administrative/social-security body - not a shareholder-based société
7356,Commission syndicale pour la gestion des biens indivis des communes,,Public/administrative/social-security body - not a shareholder-based société
7357,Pôle d'équilibre territorial et rural (PETR),,Public/administrative/social-security body - not a shareholder-based société
7361,Centre communal d'action sociale,,Public/administrative/social-security body - not a shareholder-based société
7362,Caisse des écoles,,Public/administrative/social-security body - not a shareholder-based société
7363,Caisse de crédit municipal,,Public/administrative/social-security body - not a shareholder-based société
7364,Établissement d'hospitalisation,,Public/administrative/social-security body - not a shareholder-based société
7365,Syndicat inter hospitalier,,Public/administrative/social-security body - not a shareholder-based société
7366,Établissement public local social et médico-social,,Public/administrative/social-security body - not a shareholder-based société
7367,Centre Intercommunal d'action sociale (CIAS),,Public/administrative/social-security body - not a shareholder-based société
7371,Office public d'habitation à loyer modéré (OPHLM),,Public/administrative/social-security body - not a shareholder-based société
7372,Service départemental d'incendie et de secours (SDIS),,Public/administrative/social-security body - not a shareholder-based société
7373,Établissement public local culturel,,Public/administrative/social-security body - not a shareholder-based société
7378,Régie d'une collectivité locale à caractère administratif,,Public/administrative/social-security body - not a shareholder-based société
7379,(Autre) Établissement public administratif local,,Public/administrative/social-security body - not a shareholder-based société
7381,Organisme consulaire,,Public/administrative/social-security body - not a shareholder-based société
7382,Établissement public national ayant fonction d'administration centrale,,Public/administrative/social-security body - not a shareholder-based société
7383,Établissement public national à caractère scientifique culturel et professionnel,,Public/administrative/social-security body - not a shareholder-based société
7384,Autre établissement public national d'enseignement,,Public/administrative/social-security body - not a shareholder-based société
7385,Autre établissement public national administratif à compétence territoriale limitée,,Public/administrative/social-security body - not a shareholder-based société
7389,Établissement public national à caractère administratif,,Public/administrative/social-security body - not a shareholder-based société
7410,Groupement d'intérêt public (GIP),,Public/administrative/social-security body - not a shareholder-based société
7430,Établissement public des cultes d'Alsace-Lorraine,,Public/administrative/social-security body - not a shareholder-based société
7450,"Etablissement public administratif, cercle et foyer dans les armées",,Public/administrative/social-security body - not a shareholder-based société
7470,Groupement de coopération sanitaire à gestion publique,,Public/administrative/social-security body - not a shareholder-based société
7490,Autre personne morale de droit administratif,,Public/administrative/social-security body - not a shareholder-based société
8110,Régime général de la Sécurité Sociale,,Public/administrative/social-security body - not a shareholder-based société
8120,Régime spécial de Sécurité Sociale,,Public/administrative/social-security body - not a shareholder-based société
8130,Institution de retraite complémentaire,,Public/administrative/social-security body - not a shareholder-based société
8140,Mutualité sociale agricole,,Public/administrative/social-security body - not a shareholder-based société
8150,Régime maladie des non-salariés non agricoles,,Public/administrative/social-security body - not a shareholder-based société
8160,Régime vieillesse ne dépendant pas du régime général de la Sécurité Sociale,,Public/administrative/social-security body - not a shareholder-based société
8170,Régime d'assurance chômage,,Public/administrative/social-security body - not a shareholder-based société
8190,Autre régime de prévoyance sociale,,Public/administrative/social-security body - not a shareholder-based société
8210,Mutuelle,,Public/administrative/social-security body - not a shareholder-based société
8250,Assurance mutuelle agricole,,Public/administrative/social-security body - not a shareholder-based société
8290,Autre organisme mutualiste,,Public/administrative/social-security body - not a shareholder-based société
8310,Comité social économique d’entreprise,,Public/administrative/social-security body - not a shareholder-based société
8311,Comité social économique d'établissement,,Public/administrative/social-security body - not a shareholder-based société
8410,Syndicat de salariés,,Public/administrative/social-security body - not a shareholder-based société
8420,Syndicat patronal,,Public/administrative/social-security body - not a shareholder-based société
8450,Ordre professionnel ou assimilé,,Public/administrative/social-security body - not a shareholder-based société
8470,Centre technique industriel ou comité professionnel du développement économique,,Public/administrative/social-security body - not a shareholder-based société
8490,Autre organisme professionnel,,Public/administrative/social-security body - not a shareholder-based société
8510,Institution de prévoyance,,Public/administrative/social-security body - not a shareholder-based société
8520,Institution de retraite supplémentaire,,Public/administrative/social-security body - not a shareholder-based société
9110,Syndicat de copropriété,,"Not classified - insufficient legal certainty, left unmapped rather than guessed"
9150,Association syndicale libre,,"Not classified - insufficient legal certainty, left unmapped rather than guessed"
9210,Association non déclarée,,Association - not a shareholder-based société
9220,Association déclarée,,Association - not a shareholder-based société
9221,Association déclarée d'insertion par l'économique,,Association - not a shareholder-based société
9222,Association intermédiaire,,Association - not a shareholder-based société
9223,Groupement d'employeurs,,Association - not a shareholder-based société
9224,Association d'avocats à responsabilité professionnelle individuelle,,Association - not a shareholder-based société
9230,"Association déclarée, reconnue d'utilité publique",,Association - not a shareholder-based société
9240,Congrégation,,Association - not a shareholder-based société
9260,"Association de droit local (Bas-Rhin, Haut-Rhin et Moselle)",,Association - not a shareholder-based société
9300,Fondation,,"Not classified - insufficient legal certainty, left unmapped rather than guessed"
9900,Autre personne morale de droit privé,,"Not classified - insufficient legal certainty, left unmapped rather than guessed"
9970,Groupement de coopération sanitaire à gestion privée,,"Not classified - insufficient legal certainty, left unmapped rather than guessed"
